180208,静岡県,中央,ちゅうおう,2024年01月01日,区再編により、名称変更,◆2023年2月22日
180209,静岡県,浜名,はまな,2024年01月01日,区再編により、名称変更,◆2023年2月22日
180201,静岡県,中,なか,2023年12月31日,区再編により、中央区へ統合,◆2023年2月22日
180202,静岡県,東,ひがし,2023年12月31日,区再編により、中央区へ統合,◆2023年2月22日
180203,静岡県,西,にし,2023年12月31日,区再編により、中央区へ統合,◆2023年2月22日
180204,静岡県,南,みなみ,2023年12月31日,区再編により、中央区へ統合,◆2023年2月22日
180205,静岡県,北,きた,2023年12月31日,区再編より、（三方原地区：初生町、三方原町、東三芳町、 豊岡町、三幸町、大原町、根洗町）は中央区へ統合,◆2023年2月22日
180205,静岡県,北,きた,2023年12月31日,区再編により、（三方原地区以外）は浜名区へ統合,◆2023年2月22日
180206,静岡県,浜北,はまきた,2023年12月31日,区再編により、浜名区へ統合,◆2023年2月22日
2731,兵庫県,丹波篠山市,たんばささやま,2019年05月01日,兵庫県篠山市が名称変更,2018年12月27日
2722,兵庫県,篠山市,ささやま,2019年04月30日,丹波篠山市へ名称変更に伴う消滅,2018年12月27日
40010, 福岡県,筑紫郡,ちくし,2018年09月30日,同郡那珂川町の単独市制による消滅,2018年06月01日
4037,福岡県,那珂川市,なかがわ,2018年10月01日,福岡県筑紫郡那珂川町の単独市制,2018年06月01日
0616,宮城県,富谷市,とみや,2016年10月10日,宮城県黒川郡富谷町の単独市制,2016年08月25日
0316,岩手県,滝沢市,たきざわ,2014年01月01日,岩手県岩手郡滝沢村の単独市制,2013年08月23日
1239,千葉県,大網白里市,おおあみしらさと,2013年01月01日,千葉県山武郡大網白里町の単独市制,2012年11月15日
1346,埼玉県,白岡市,しらおか,2012年10月01日,埼玉県南埼玉郡白岡町の単独市制,2012年08月03日
430101,熊本県,熊本市中央区,ちゅうおう,2012年04月01日,熊本市の政令指定都市移行で区制,◆2011年12月16日
430102,熊本県,熊本市東区,ひがし,2012年04月01日,熊本市の政令指定都市移行で区制,◆2011年12月16日
430103,熊本県,熊本市西区,にし,2012年04月01日,熊本市の政令指定都市移行で区制,◆2011年12月16日
430104,熊本県,熊本市南区,みなみ,2012年04月01日,熊本市の政令指定都市移行で区制,◆2011年12月16日
430105,熊本県,熊本市北区,きた,2012年04月01日,熊本市の政令指定都市移行で区制,◆2011年12月16日
2040,愛知県,長久手市,ながくて,2012年01月04日,愛知県愛知郡長久手町の単独市制,2011年11月30日
30001,石川県,石川郡,いしかわ,2011年11月10日,同郡（全１町）の野々市町の単独市制,2011年08月12日
3012,石川県,野々市市,ののいち,2011年11月11日,石川県石川郡（全1町）野々市町の単独市制,2011年08月12日
1326,埼玉県,鳩ヶ谷市,はとがや,2011年10月10日,埼玉県鳩ヶ谷市を埼玉県川口市に編入,2011年08月12日
03012,岩手県,東磐井郡,ひがしいわい,2011年09月25日,一関市に東磐井郡（全１町）藤沢町を編入,2011年05月06日
32015,島根県,簸川郡,ひかわ,2011年09月30日,出雲市に簸川郡（全１町）斐川町を編入,2011年03月31日
32017,島根県,八束郡,やつか,2011年07月31日,松江市に八束郡（全１町）東出雲町を編入,2011年03月31日
15003,栃木県,上都賀郡,かみつが,2011年09月30日,栃木市に上都賀郡（全１町）西方町を編入,2011年01月31日
20012,愛知県,幡豆郡,はず,2011年03月31日,西尾市に幡豆郡の全３町を編入,2011年01月31日
08003,新潟県,北魚沼郡,きたうおぬま,2010年03月30日,長岡市に北魚沼郡（全１町）川口町を編入,2010年01月12日
18013,静岡県,富士郡,ふじ,2010年03月22日,富士宮市に富士郡（全１町）芝川町を編入,2010年01月12日
13005,埼玉県,北埼玉郡,きたさいたま,2010年03月22日,加須市と北埼玉郡（全３町）が対等合併して加須市へ,2010年01月12日
2039,愛知県,あま市,あま,2010年03月22日,海部郡（愛知県、５町１村）の３町が対等合併,2010年01月12日
01014,北海道,雨竜（空知）,うりゅう（そらち）,--------------,雨竜（上川）の誕生に伴う名称の一部変更（番号の変更はありません）,--------------
01081,北海道,雨竜（上川）,うりゅう(かみかわ),2010年04月01日,総合振興局及び振興局の設置、幌加内町の所管地域変更にともなうもの,◆2009年10月9日
111001,神奈川県,相模原市緑区,みどり,2010年04月01日,相模原市の政令指定都市移行で区制,◆2009年12月21日
111002,神奈川県,相模原市中央区,ちゅうおう,2010年04月01日,相模原市の政令指定都市移行で区制,◆2009年12月21日
111003,神奈川県,相模原市南区,みなみ,2010年04月01日,相模原市の政令指定都市移行で区制,◆2009年12月21日
1001,東京都,東京23区,とうきょう23く,2010年03月31日,東京都特別区の23の区を2010年４月１日より市と読み替えるため,※第513回理事会決定
2038,愛知県,みよし市,みよし,2010年01月04日,市制,2009年11月20日
20008,愛知県,西加茂郡,にしかも,2010年01月03日,西加茂郡（全１町）三好町が「みよし市」へ,2009年11月19日
18012,静岡県,浜名郡,はまな,2010年03月22日,浜名郡（全１町）新居町を湖西市に編入,2009年11月10日
20016,愛知県,宝飯郡,ほい,2010年01月31日,宝飯郡（全１町）小坂井町を豊川市に編入,2009年11月10日
4626,鹿児島県,姶良市,あいら,2010年03月23日,姶良郡（全４町）内の３町が合併、市制施行,2009年11月10日
43006,熊本県,鹿本郡,かもと,2010年03月22日,同郡（全１町）植木町を熊本市に編入,2009年10月16日
45008,宮崎県,宮崎郡,みやざき,2010年03月22日,同郡（全１町）清武町を宮崎市に編入,2009年07月31日
4036,福岡県,糸島市,いとしま,2010年01月01日,前原市と糸島郡の全２町が合併,2009年04月16日
4028,福岡県,前原市,まえばる,2009年12月31日,糸島郡（全２町）志摩町、二丈町と合併,2009年04月16日
40002,福岡県,糸島郡,いとしま,2009年12月31日,前原市と合併,2009年04月16日
23001,滋賀県,伊香郡,いか,2009年12月31日,伊香郡（全４町）が長浜市に編入合併,2009年03月30日
23011,滋賀県,東浅井郡,ひがしあざい,2009年12月31日,東浅井郡（全２町）が長浜市に編入合併,2009年03月30日
310101,岡山県,岡山市北区,きた,2009年04月01日,岡山市の政令指定都市移行で区制,◆2008年12月22日
310102,岡山県,岡山市中区,なか,2009年04月01日,岡山市の政令指定都市移行で区制,◆2008年12月22日
310103,岡山県,岡山市東区,ひがし,2009年04月01日,岡山市の政令指定都市移行で区制,◆2008年12月22日
310104,岡山県,岡山市南区,みなみ,2009年04月01日,岡山市の政令指定都市移行で区制,◆2008年12月22日
16008,群馬県,勢多郡,せた,2009年05月04日,同郡（全１村）富士見村を前橋市に編入合併,2008年11年05月
45007,宮崎県,南那珂郡,みなみなか,2009年03月29日,同郡（全２町）北郷町及び南郷町が日南市と合併,2008年08月08日
18007,静岡県,志太郡,しだ,2008年12月31日,同郡（全２町）大井川町が2008年１１月１日に焼津市に編入合併。その後、岡部町が2009年１月１日に藤枝市に編入合併。,2008年08年08月
18003,静岡県,庵原郡,いはら,2008年10月31日,同郡（全２町）由比町が静岡市に編入合併（2008年４月15日告示済み）。富士川町が富士市に編入合併。,2008年08月08日
4625,鹿児島県,伊佐市,いさ,2008年11月01日,大口市と伊佐郡（全１町）菱刈町が合併,2008年01月30日
4609,鹿児島県,大口市,おおくち,2008年10月31日,伊佐郡（全１町）菱刈町と合併して伊佐市へ。,2008年01月30日
46002,鹿児島県,伊佐郡,いさ,2008年10月31日,大口市と同郡（全１町）菱刈町が合併して伊佐市へ。,2008年01月30日
33010,山口県,美祢郡,みね,2008年03月20日,美祢郡美東町、秋芳町の全２町が、美祢市と合併,2007年08月06日
4624,鹿児島県,南九州市,みなみきゅうしゅう,2007年12月01日,揖宿郡頴娃町の全１町と、川辺郡知覧町、川辺町の全２町が合併,2007年08月06日
46004,鹿児島県,揖宿郡,いぶすき,2007年11月30日,川辺郡の全２町と合併して南九州市へ,2007年08月06日
46007,鹿児島県,川辺郡,かわなべ,2007年11月30日,指宿郡の全１町と合併して南九州市へ,2007年08月06日
41004,佐賀県,佐賀郡,さが,2007年09月30日,佐賀郡の全３町が佐賀市に編入合併,2007年04月02日
080101,新潟県,新潟市北区,きた,2007年04月01日,新潟市の政令指定都市移行で区制,◆2006年12月18日
080102,新潟県,新潟市東区,ひがし,2007年04月01日,新潟市の政令指定都市移行で区制,◆2006年12月18日
080103,新潟県,新潟市中央区,ちゅうおう,2007年04月01日,新潟市の政令指定都市移行で区制,◆2006年12月18日
080104,新潟県,新潟市江南区,こうなん,2007年04月01日,新潟市の政令指定都市移行で区制,◆2006年12月18日
080105,新潟県,新潟市秋葉区,あきは,2007年04月01日,新潟市の政令指定都市移行で区制,◆2006年12月18日
080106,新潟県,新潟市南区,みなみ,2007年04月01日,新潟市の政令指定都市移行で区制,◆2006年12月18日
080107,新潟県,新潟市西区,にし,2007年04月01日,新潟市の政令指定都市移行で区制,◆2006年12月18日
080108,新潟県,新潟市西蒲区,にしかん,2007年04月01日,新潟市の政令指定都市移行で区制,◆2006年12月18日
180201,静岡県,浜松市中区,なか,2007年04月01日,浜松市の政令指定都市移行で区制,◆2006年12月01日
180202,静岡県,浜松市東区,ひがし,2007年04月01日,浜松市の政令指定都市移行で区制,◆2006年12月01日
180203,静岡県,浜松市西区,にし,2007年04月01日,浜松市の政令指定都市移行で区制,◆2006年12月01日
180204,静岡県,浜松市南区,みなみ,2007年04月01日,浜松市の政令指定都市移行で区制,◆2006年12月01日
180205,静岡県,浜松市北区,きた,2007年04月01日,浜松市の政令指定都市移行で区制,◆2006年12月01日
180206,静岡県,浜松市浜北区,はまきた,2007年04月01日,浜松市の政令指定都市移行で区制,◆2006年12月01日
180207,静岡県,浜松市天竜区,てんりゅう,2007年04月01日,浜松市の政令指定都市移行で区制,◆2006年12月01日
0720,福島県,本宮市,もとみや,2007年01月01日,安達郡本宮町、白沢村の１町１村が合併,2006年11月02日
11005,神奈川県,津久井郡,つくい,2007年03月10日,津久井郡城山町の全１町が相模原市に編入,2006年11月02日
31018,岡山県,御津郡,みつ,2007年01月21日,御津郡建部町の全１町が岡山市に編入,2006年10月24日
31002,岡山県,赤磐郡,あかいわ,2007年01月21日,赤磐郡瀬戸町の全１町が岡山市に編入,2006年10月24日
2215,京都府,木津川市,きづがわ,2007年03月12日,相楽郡山城町、木津町、加茂町が合併,2006年08月07日
17005,山梨県,東八代郡,ひがしやつしろ,2006年07月31日,　東八代郡芦川村（全一村）が笛吹市へ編入,2006年07月24日
16006,群馬県,群馬郡,ぐんま,2006年09月30日,　群馬郡榛名町（全一町）が高崎市へ編入,2006年07月13日
4035,福岡県,みやま市,みやま,2007年01月29日,山門郡瀬高町、山川町（全２町）と三池郡高田町（全一町）が合併,2006年07月13日
40017,福岡県,山門郡,やまと,2007年01月28日,合併して、みやま市へ,2006年07月13日
40013,福岡県,三池郡,みいけ,2007年01月28日,合併して、みやま市へ,2006年07月13日
2609,和歌山県,岩出市,いわで,2006年04月01日,市制,2006年03月17日
26004,和歌山県,那賀郡,なが,2006年03月31日,　那賀郡岩出町（全１町）が岩出市へ,2006年03月17日
2037,愛知県,弥富市,やとみ,2006年04月01日,海部郡十四山村が同郡弥富町に編入すると同時に、弥富市となる,2006年01月23日
250201,大阪府,堺市堺区,さかい,2006年04月01日,堺市の政令指定都市移行で区制,◆2005年12月21日
250202,大阪府,堺市中区,なか,2006年04月01日,堺市の政令指定都市移行で区制,◆2005年12月21日
250203,大阪府,堺市東区,ひがし,2006年04月01日,堺市の政令指定都市移行で区制,◆2005年12月21日
250204,大阪府,堺市西区,にし,2006年04月01日,堺市の政令指定都市移行で区制,◆2005年12月21日
250205,大阪府,堺市南区,みなみ,2006年04月01日,堺市の政令指定都市移行で区制,◆2005年12月21日
250206,大阪府,堺市北区,きた,2006年04月01日,堺市の政令指定都市移行で区制,◆2005年12月21日
250207,大阪府,堺市美原区,みはら,2006年04月01日,美原町が堺市に合併、同時に堺市の政令指定都市移行で美原区へ,◆2005年12月21日
3911,高知県,香南市,こうなん,2006年03月01日,香美郡赤岡町、香我美町、野市町、夜須町、吉川村の４町１村が合併,2005年11月11日
3912,高知県,香美市,かみ,2006年03月01日,香美郡土佐山田町、香北町、物部村の全２町１村が合併（※同郡赤岡町、香我美町、野市町、夜須町、吉川村の４町１村が同日合併で香南市へ）,2005年11月11日
39003,高知県,香美郡,かみ,2006年02月28日,香南市と香美市へ,2005年11月11日
4109,佐賀県,嬉野市,うれしの,2006年01月01日,藤津郡塩田町、嬉野町の２町が、合併,2005年11月04日
4110,佐賀県,神埼市,かんざき,2006年03月20日,神埼郡神埼町、千代田町、脊振村の２町１村が合併,2005年11月04日
1714,山梨県,中央市,ちゅうおう,2006年02月20日,中巨摩郡玉穂町、田富町の２町と、東八代郡豊富村の１村が合併,2005年10月05日
4415,大分県,国東市,くにさき,2006年03月31日,東国東郡国見町、国東町、武蔵町、安岐町の４町が合併,2005年09月09日
29004,福井県,大野郡,おおの,2005年11月06日,大野市に編入,2005年08月29日
29001,福井県,足羽郡,あすわ,2006年01月30日,合併して福井市へ,2005年08月29日
29005,福井県,遠敷郡,おにゅう,2006年03月02日,遠敷郡名田庄村の全１村と、大飯郡大飯町の１町が合併し、あらたに、おおい町を設置後、大飯郡に編入。,2005年08月29日
2910,福井県,坂井市,さかい,2006年03月20日,坂井郡三国町、丸岡町、春江町、坂井町の全４町が合併,2005年08月29日
29006,福井県,坂井郡,さかい,2006年03月19日,坂井市へ,2005年08月29日
3608,香川県,三豊市,みとよ,2006年01月01日,三豊郡高瀬町、山本町、三野町、豊中町、詫間町、仁尾町、財田町の全７町が合併,2005年08月29日
36007,香川県,三豊郡,みとよ,2005年12月31日,三豊市へ,2005年08月29日
1345,埼玉県,ふじみ野市,ふじみの,2005年10月01日,上福岡市と、入間郡大井町の１町が合併,2005年08月24日
1335,埼玉県,上福岡市,かみふくおか,2005年09月30日,合併してふじみ野市へ,2005年08月24日
1713,山梨県,甲州市,こうしゅう,2005年11月01日,塩山市、東山梨郡勝沼町、大和村の全１町１村が合併,2005年08月24日
1703,山梨県,塩山市,えんざん,2005年10月31日,合併して甲州市へ,2005年08月24日
17006,山梨県,東山梨郡,ひがしやまなし,2005年10月31日,合併して甲州市へ,2005年08月24日
2036,愛知県,北名古屋市,きたなごや,2006年03月20日,西春日井郡師勝町、西春町の２町が合併,2005年08月24日
20017,愛知県,南設楽郡,みなみしたら,2005年09月30日,新城市に編入,2005年08月24日
01004,北海道,厚田郡,あつた,2005年09月30日,石狩市に編入,2005年08月19日
01057,北海道,浜益郡,はまます,2005年09月30日,石狩市に編入,2005年08月19日
01079,北海道,二海郡,ふたみ,2005年10月01日,爾志郡熊石町の１町と、山越郡八雲町の１町が合併し、新たに設置される八雲町の区域をもって、二海郡とする。,2005年08月19日
0136,北海道,北斗市,ほくと,2006年02月01日,上磯郡上磯町の１町と、亀田郡大野町の１町が合併。,2005年08月19日
01080,北海道,日高郡,ひだか,2006年03月31日,静内郡静内町の全１町と三石郡三石町の全１町が合併し、新たに設置される新ひだか町の区域をもって、日高郡とする,2005年08月19日
01032,北海道,静内郡,しずない,2006年03月30日,合併して日高郡へ,2005年08月19日
01068,北海道,三石郡,みついし,2006年03月30日,合併して日高郡へ,2005年08月19日
0828,新潟県,胎内市,たいない,2005年09月01日,北蒲原郡中条町、黒川村の１町１村が合併,2005年08月16日
08009,新潟県,中蒲原郡,なかかんばら,2005年12月31日,五泉市に編入,2005年08月16日
0815,新潟県,栃尾市,とちお,2005年12月31日,長岡市に編入,2005年08月16日
4620,鹿児島県,いちき串木野市,いちきくしきの,2005年10月11日,串木野市、日置郡市来町の１町が合併,2005年08月16日
4605,鹿児島県,串木野市,くしきの,2005年10月10日,合併して、いちき串木野市へ,2005年08月16日
4621,鹿児島県,南さつま市,みなみさつま,2005年11月07日,加世田市、川辺郡笠沙町、大浦町、坊津町の３町と、日置郡金峰町の全１町が合併,2005年08月16日
4611,鹿児島県,加世田市,かせだ,2005年11月06日,合併して南さつま市へ,2005年08月16日
46012,鹿児島県,日置郡,ひおき,2005年11月06日,合併して南さつま市へ,2005年08月16日
4622,鹿児島県,志布志市,しぶし,2006年01月01日,曽於郡松山町、志布志町、有明町の３町が合併,2005年08月16日
4623,鹿児島県,奄美市,あまみ,2006年03月20日,名瀬市、大島郡住用村、笠利町、の１町１村が合併,2005年08月16日
4608,鹿児島県,名瀬市,なぜ,2006年03月19日,合併して奄美市へ,2005年08月16日
4714,沖縄県,宮古島市,みやこじま,2005年10月01日,平良市、宮古郡城辺町、下地町、上野村、伊良部町の３町１村が合併,2005年08月16日
4703,沖縄県,平良市,ひらら,2005年09月30日,合併して宮古島市へ,2005年08月16日
4715,沖縄県,南城市,なんじょう,2006年01月01日,島尻郡玉城村、知念村、桟敷町、大里村の１町３村が合併,2005年08月16日
22001,京都府,天田郡,あまだ,2005年12月31日,合併して福知山市へ編入,2005年08月12日
22004,京都府,加佐郡,かさ,2005年12月31日,合併して福知山市へ編入,2005年08月12日
2214,京都府,南丹市,なんたん,2006年01月01日,船井郡園部町、八木町、日吉町の３町と、北桑田郡美山町の全１町が合併,2005年08月12日
22005,京都府,北桑田郡,きたくわだ,2005年12月31日,合併して南丹市へ,2005年08月12日
0921,長野県,安曇野市,あづみの,2005年10月01日,東筑摩郡明科町の１町と南安曇郡豊科町、穂高町、三郷村、堀金村の全２町２村が合併,2005年08月12日
09016,長野県,南安曇郡,みなみあづみ,2005年09月30日,合併して安曇野市へ,2005年08月12日
0718,福島県,南相馬市,みなみそうま,2006年01月01日,原町市、相馬郡鹿島町、小高町の２町が合併,2005年08月08日
0706,福島県,原町市,はらまち,2005年12月31日,合併して南相馬市へ,2005年08月08日
0719,福島県,伊達市,だて,2006年01月01日,伊達郡伊達町、梁川町、保原町、霊山町、月舘町の５町が合併,2005年08月08日
35006,広島県,佐伯郡,さえき,2005年11月02日,佐伯郡宮島町の全１町が廿日市市へ編入※（４月８日付官報で大野町が廿日市市に編入する旨、先に告示済み）,2005年08月08日
35013,広島県,深安郡,ふかやす,2006年02月28日,深安郡神辺町の全１町が福山市へ編入,2005年08月08日
3506,広島県,因島市,いんのしま,2006年01月09日,因島市、豊田郡瀬戸田町の１町が尾道市へ編入,2005年08月08日
17001,山梨県,北巨摩郡,きたこま,2006年03月14日,北巨摩郡小淵沢町の全一村が北杜市へ編入,2005年07月29日
2811,富山県,射水市,いみず,2005年11月01日,新湊市、射水郡小杉町、大門町、下村、大島町の全３町１村が合併,2005年07月21日
2803,富山県,新湊市,しんみなと,2005年10月31日,合併して射水市へ,2005年07月21日
28001,富山県,射水郡,いみず,2005年10月31日,合併して射水市へ,2005年07月21日
28005,富山県,西砺波郡,にしとなみ,2005年10月31日,西砺波郡福岡町の全１町が高岡市に合併,2005年07月21日
4034,福岡県,朝倉市,あさくら,2006年03月20日,甘木市、朝倉郡杷木町、朝倉町の２町が合併,2005年07月21日
4013,福岡県,甘木市,あまぎ,2006年03月19日,合併して朝倉市へ,2005年07月21日
4316,熊本県,合志市,こうし,2006年02月27日,菊池郡合志町、西合志町の２町が合併,2005年07月21日
0210,青森県,平川市,ひらかわ,2006年01月01日,南津軽郡平賀町、尾上町、碇ヶ関村の２町１村が合併,2005年07月21日
03011,岩手県,稗貫郡,ひえぬき,2005年12月31日,稗貫郡大迫町、石鳥谷町の全２町と、和賀郡東和町の１町が花巻市に合併,2005年07月21日
0315,岩手県,奥州市,おうしゅう,2006年02月20日,水沢市、江刺市、胆沢郡前沢町、胆沢町、衣川村の２町１村が合併,2005年07月21日
0306,岩手県,水沢市,みずさわ,2006年02月19日,合併して奥州市へ,2005年07月21日
0312,岩手県,江刺市,えさし,2006年02月19日,合併して奥州市へ,2005年07月21日
1432,茨城県,神栖市,かみす,2005年08月01日,鹿島郡波崎町が同郡神栖町に編入、市制,2005年07月14日
1433,茨城県,行方市,なめがた,2005年09月02日,行方郡麻生町、北浦町、玉造町の全３町が合併,2005年07月14日
14009,茨城県,行方郡,なめがた,2005年09月01日,合併して行方市へ,2005年07月14日
1434,茨城県,鉾田市,ほこた,2005年10月11日,鹿島郡旭村、鉾田町、大洋村の全１町２村が、合併（波崎町が神州町に編入し８月１日に神栖市となる）,2005年07月14日
14002,茨城県,鹿島郡,かしま,2005年10月10日,合併して鉾田市へ,2005年07月14日
1435,茨城県,常総市,じょうそう,2006年01月01日,結城郡石下町が水海道市に編入,2005年04月14日
1411,茨城県,水海道市,みつかいどう,2005年12月31日,結城郡石下町が水海道市に編入、同日市名を常総に変更,2005年07月14日
14011,茨城県,西茨城郡,にしいばらき,2006年03月18日,西茨城郡友部町、岩間町の全２町が笠間市へ合併（岩瀬町は、先に桜川市へ合併）,2005年07月14日
1436,茨城県,つくばみらい市,つくばみらい,2006年03月27日,筑波郡伊奈町、谷和原村の全１町１村が合併,2005年07月14日
14007,茨城県,筑波郡,つくば,2006年03月26日,合併して、つくばみらい市へ,2005年07月14日
1437,茨城県,小美玉市,おみたま,2006年03月27日,東茨城郡小川町、美野里町の２町と新治郡玉里村の全１村（※）が合併（同郡八郷町は石岡市と合併、新治村は土浦市へ編入）,2005年07月14日
14010,茨城県,新治郡,にいはり,2006年03月26日,合併して小美玉市へ,2005年07月14日
1515,栃木県,那須烏山市,なすからすやま,2005年10月01日,那須郡南那須町、烏山町の２町が合併,2005年07月14日
1516,栃木県,下野市,しもつけ,2006年01月10日,河内郡南河内町の１町、下都賀郡石橋町、国分寺町の２町が合併,2005年07月14日
1507,栃木県,今市市,いまいち,2006年03月19日,今市市、上都賀郡足尾町の１町、塩谷郡栗山村、藤原町の１町１村が、日光市に合併,2005年07月14日
16002,群馬県,碓氷郡,うすい,2006年03月17日,碓氷郡松井田町の全１町が安中市と合併,2005年07月07日
2730,兵庫県,たつの市,たつの,2005年10月01日,龍野市、揖保郡新宮町、揖保川町、御津町の３町が合併,2005年07月07日
2712,兵庫県,龍野市,たつの,2005年09月30日,合併して、たつの市へ,2005年07月07日
27021,兵庫県,美嚢郡,みのう,2005年10月23日,美嚢郡吉川町の全１町が三木市に編入,2005年07月07日
27018,兵庫県,津名郡,つな,2006年02月10日,津名郡五色町の全１町が洲本市に合併,2005年07月07日
27015,兵庫県,宍粟郡,しそう,2006年03月26日,神崎郡香寺町の１町、宍粟郡安富町の全１町、飾磨郡家島町、夢前町の全２町が姫路市に編入,2005年07月07日
27014,兵庫県,飾磨郡,しかま,2006年03月26日,神崎郡香寺町の１町、宍粟郡安富町の全１町、飾磨郡家島町、夢前町の全２町が姫路市に編入,2005年07月07日
31009,岡山県,吉備郡,きび,2005年07月31日,浅口郡船穂町の１町と、吉備郡真備町の全１町が、倉敷市へ編入,2005年06月01日
3118,岡山県,浅口市,あさくち,2006年03月21日,浅口郡金光町、鴨方町、寄島町の３町が合併,2005年06月01日
04006,秋田県,平鹿郡,ひらか,2005年09月30日,平鹿郡増田町、平鹿町、雄物川町、大森町、十文字町、山内村、大雄村の全５町２村が横手市と合併,2005年05月26日
0415,秋田県,仙北市,せんぼく,2005年09月20日,仙北郡角館町、田沢湖町、西木村の２町１村が合併,2005年05月26日
23005,滋賀県,神崎郡,かんざき,2005年12月31日,蒲生郡蒲生町の１町と、神崎郡能登川町の全１町が東近江市に編入,2005年05月20日
23008,滋賀県,坂田郡,さかた,2005年09月30日,坂田郡近江町の全１町が米原市に編入,2005年05月20日
23009,滋賀県,滋賀郡,しが,2006年03月19日,滋賀郡志賀町の全１町が大津市に編入,2005年05月20日
4214,長崎県,南島原市,みなみしまばら,2006年03月31日,南高来郡加津佐町、口之津町、南有馬町、北有馬町、西有家町、有家町、布津町、深江町、の全８町が合併,2005年05月16日
42008,長崎県,南高来郡,みなみたかき,2006年03月30日,合併して南島原市へ（有明町は2006年1月1日付けで島原市に編入）,2005年05月16日
1234,千葉県,南房総市,みなみぼうそう,2006年03月20日,安房郡富浦町、富山町、三芳村、白浜町、千倉町、丸山町、和田町の６町１村が合併,2005年05月13日
1235,千葉県,匝瑳市,そうさ,2006年01月23日,八日市場市、匝瑳郡野栄町の１町が合併,2005年05月13日
1214,千葉県,八日市場市,ようかいちば,2006年01月22日,合併して匝瑳市へ,2005年05月13日
12009,千葉県,匝瑳郡,そうさ,2006年03月26日,山武郡横芝町の１町と、匝瑳郡光町の全１町が合併し横芝光町となることに伴い同町の所属すべき郡の区域を山武郡とする,2005年05月13日
1236,千葉県,香取市,かとり,2006年03月27日,佐原市、香取郡山田町、栗源町、小見川町の３町が合併,2005年05月13日
1209,千葉県,佐原市,さわら,2006年03月26日,合併して香取市へ,2005年05月13日
1237,千葉県,山武市,さんむ,2006年03月27日,山武郡成東町、山武町、蓮沼村、松尾町の３町１村が合併,2005年05月13日
1238,千葉県,いすみ市,いすみ,2005年12月05日,夷隅郡夷隅町、大原町、岬町の３町が合併,2005年05月13日
33007,山口県,佐波郡,さば,2005年09月30日,佐波郡徳地町の全１町が山口市に合併,2005年04月28日
33011,山口県,吉敷郡,よしき,2005年09月30日,吉敷郡秋穂町、小郡町、阿知須町の全３町が山口市に合併,2005年04月28日
1431,茨城県,桜川市,さくらがわ,2005年10月01日,西茨城郡岩瀬町の１町と真壁郡真壁町、大和村の全１町１村が合併,2005年04月28日
14013,茨城県,真壁郡,まかべ,2005年09月30日,合併して桜川市へ,2005年04月28日
2412,奈良県,宇陀市,うだ,2006年01月01日,宇陀郡大宇陀町、菟田野町、榛原町、室生村の３町１村が合併,2005年04月28日
4213,長崎県,雲仙市,うんぜん,2005年10月11日,南高来郡国見町、瑞穂町、吾妻町、愛野町、千々石町、小浜町、南串山町の７町が合併,2005年04月28日
4315,熊本県,天草市,あまくさ,2006年03月27日,本渡市、牛深市、天草郡有明町、御所浦町、倉岳町、栖本町、新和町、五和町、天草町、河浦町の８町が合併,2005年04月28日
4307,熊本県,本渡市,ほんど,2006年03月26日,合併して天草市へ,2005年04月28日
4309,熊本県,牛深市,うしぶか,2006年03月26日,合併して天草市へ,2005年04月28日
3708,徳島県,三好市,みよし,2006年03月01日,三好郡三野町、池田町、山城町、井川町、東祖谷山村、西祖谷山村の４町２村が合併,2005年04月28日
2729,兵庫県,加東市,かとう,2006年03月20日,加東郡社町、滝野町、東条町の全３町が合併,2005年04月28日
27009,兵庫県,加東郡,かとう,2006年03月19日,加東市へ,2005年04月28日
4032,福岡県,宮若市,みやわか,2006年02月11日,鞍手郡宮田町、若宮町の２町が合併,2005年04月28日
4033,福岡県,嘉麻市,かま,2006年03月27日,山田市、嘉穂郡稲築町、碓井町、嘉穂町の３町が合併,2005年04月28日
4014,福岡県,山田市,やまだ,2006年03月26日,合併して嘉麻市へ,2005年04月28日
4414,大分県,由布市,ゆふ,2005年10月01日,大分郡挾間町、庄内町、湯布院町の全３町が合併,2005年04月28日
44002,大分県,大分郡,おおいた,2005年09月30日,由布市へ,2005年04月28日
44008,大分県,西国東郡,にしくにさき,2005年09月30日,西国東郡大田村の全１村と、速見郡山香町の１町が杵築市に合併,2005年04月28日
2608,和歌山県,紀の川市,きのかわ,2005年11月07日,那賀郡打田町、粉河町、那賀町、桃山町、貴志川町の５町が合併,2005年04月26日
05004,山形県,西田川郡,にしたがわ,2005年09月30日,東田川郡藤島町、羽黒町、櫛引町、朝日村の３町１村と、西田川郡温海町の全１町が鶴岡市と合併,2005年04月18日
1612,群馬県,みどり市,みどり,2006年03月27日,新田郡笠懸町の全１町、山田郡大間々町の全１町、勢多郡東村の１村が合併,2005年04月18日
16011,群馬県,新田郡,にった,2006年03月26日,合併して、みどり市へ,2005年04月18日
16012,群馬県,山田郡,やまだ,2006年03月26日,合併して、みどり市へ,2005年04月18日
30002,石川県,江沼郡,えぬま,2005年09月30日,江沼郡山中町の全１町が加賀市へ合併,2005年04月18日
2909,福井県,越前市,えちぜん,2005年10月01日,武生市、今立郡今立町の１町が合併,2005年04月18日
2903,福井県,武生市,たけふ,2005年09月30日,合併して越前市へ,2005年04月18日
1818,静岡県,天竜市,てんりゅう,2005年06月30日,天竜市が浜松市に編入,2005年04月18日
1819,静岡県,浜北市,はまきた,2005年06月30日,浜北市が浜松市に編入,2005年04月18日
18004,静岡県,磐田郡,いわた,2005年06月30日,磐田郡龍山村、佐久間町、水窪町の全２町１村が浜松市に編入,2005年04月18日
18002,静岡県,引佐郡,いなさ,2005年06月30日,引佐郡細江町、引佐町、三ヶ日町の全３町が浜松市に編入,2005年04月18日
1827,静岡県,牧之原市,まきのはら,2005年10月11日,榛原郡相良町、榛原町の２町が合併,2005年04月18日
0615,宮城県,大崎市,おおさき,2006年03月31日,古川市、志田郡松山町、三本木町、鹿島台町の全３町、玉造郡岩出山町、鳴子町の全２町、遠田郡田尻町の１町が、合併,2005年04月15日
0604,宮城県,古川市,ふるかわ,2006年03月30日,合併して大崎市へ,2005年04月15日
06007,宮城県,志田郡,しだ,2006年03月30日,合併して大崎市へ,2005年04月15日
06009,宮城県,玉造郡,たまつくり,2006年03月30日,合併して大崎市へ,2005年04月15日
20002,愛知県,渥美郡,あつみ,2005年09月30日,渥美郡渥美町の全１町が田原市へ編入,2005年04月15日
2035,愛知県,清須市,きよす,2005年07月07日,西春日井郡西枇杷島町、清洲町、新川町の３町が合併,2005年04月15日
19010,岐阜県,土岐郡,とき,2006年01月22日,土岐郡笠原町の全１町が、多治見市へ編入,2005年04月12日
0414,秋田県,にかほ市,にかほ,2005年10月01日,由利郡仁賀保町、金浦町、象潟町の全３町が、合併,2005年04月08日
04009,秋田県,由利郡,ゆり,2005年09月30日,にかほ市へ,2005年04月08日
32011,島根県,那賀郡,なか,2005年09月30日,那賀郡金城町、旭町、弥栄村、三隅町の全３町１村が、浜田市と合併,2005年04月08日
32013,島根県,邇摩郡,にま,2005年09月30日,邇摩郡温泉津町、仁摩町の全２町が、太田市と合併,2005年04月08日
0314,岩手県,八幡平市,はちまんたい,2005年09月01日,岩手郡西根町、安代町、松尾村の２町１村が合併,2005年03月30日
4617,鹿児島県,日置市,ひおき,2005年05月01日,日置郡東市来町、伊集院町、日吉町、吹上町の４町が合併,2005年03月30日
4618,鹿児島県,曽於市,そお,2005年07月01日,曽於郡大隅町、財部町、末吉町の３町が合併,2005年03月30日
4619,鹿児島県,霧島市,きりしま,2005年11月07日,国分市、姶良郡溝辺町、横川町、牧園町、霧島町、隼人町、福山町の６町が合併,2005年03月30日
4612,鹿児島県,国分市,こくぶ,2005年11月06日,合併して霧島市へ,2005年03月30日
12005,千葉県,海上郡,かいじょう,2005年06月30日,千葉県海上郡海上町、飯岡町の全２町と、香取郡干潟町の１町が、旭市と合併,2005年03月14日
3910,高知県,四万十市,しまんと,2005年04月10日,中村市、幡多郡西土佐村の１村が合併,2005年03月14日
3906,高知県,中村市,なかむら,2005年04月09日,合併して四万十市へ,2005年03月14日
31011,岡山県,児島郡,こじま,2005年03月21日,児島郡灘崎町の全１町が岡山市に編入,2005年02月24日
134410,埼玉県,さいたま市岩槻区,いわつき,2005年04月01日,岩槻市が、さいたま市へ編入し、その区域を岩槻区とする,2005年01月26日
1313,埼玉県,岩槻市,いわつき,2005年03月31日,さいたま市岩槻区へ,2005年01月26日
1826,静岡県,伊豆の国市,いずのくに,2005年04月01日,田方郡伊豆長岡町、韮山町、大仁町の３町が合併,2005年01月26日
4713,沖縄県,うるま市,うるま,2005年04月01日,石川市、具志川市、中頭郡与那城村、勝連町の１町１村が合併,2005年01月26日
4702,沖縄県,石川市,いしかわ,2005年03月31日,合併して、うるま市へ,2005年01月26日
4707,沖縄県,具志川市,ぐしかわ,2005年03月31日,合併して、うるま市へ,2005年01月26日
08005,新潟県,古志郡,こし,2005年03月31日,南蒲原郡中之島町の１町、三島郡越路町、三島町の２町、古志郡山古志村の全１村、刈羽郡小国町の１町が長岡市に編入,2005年01月24日
29012,福井県,三方上中郡,みかたかみなか,2005年03月31日,三方郡三方町の１町と遠敷郡上中町の１町が、合併し若狭町となりその区域をもって、三方上中郡を新たに設置する,2005年01月24日
3316,山口県,山陽小野田市,さんようおのだ,2005年03月22日,小野田市と、厚狭郡山陽町の全１町が合併,2005年01月24日
3309,山口県,小野田市,おのだ,2005年03月21日,合併して山陽小野田市へ,2005年01月24日
33001,山口県,厚狭郡,あさ,2005年03月21日,合併して山陽小野田市へ,2005年01月24日
44006,大分県,下毛郡,しもげ,2005年02月28日,下毛郡三光村、本耶馬渓町、耶馬渓町、山国町の全３町１村が中津市に編入,2005年01月24日
4413,大分県,豊後大野市,ぶんごおおの,2005年03月31日,大野郡三重町、清川村、緒方町、朝地町、大野町、千歳村、犬飼町の全５町２村が合併,2005年01月24日
44003,大分県,大野郡,おおの,2005年03月30日,豊後大野市へ,2005年01月24日
1428,茨城県,坂東市,ばんどう,2005年03月22日,岩井市、猿島郡猿島町の１町が、合併,2005年01月20日
1418,茨城県,岩井市,いわい,2005年03月21日,合併して坂東市へ,2005年01月20日
1429,茨城県,稲敷市,いなしき,2005年03月22日,稲敷郡江戸崎町、新利根町、桜川村、東町の３町１村が、合併,2005年01月20日
1430,茨城県,かすみがうら市,かすみがうら,2005年03月28日,新治郡霞ヶ浦町、千代田町の２町が合併,2005年01月20日
2020,愛知県,尾西市,びさい,2005年03月31日,尾西市が、一宮市に編入,2005年01月20日
20011,愛知県,葉栗郡,はぐり,2005年03月31日,葉栗郡木曽川町の全１町が、一宮市に編入,2005年01月20日
2034,愛知県,愛西市,あいさい,2005年04月01日,海部郡佐屋町、立田村、八開村、佐織町の２町２村が合併,2005年01月20日
20014,愛知県,東加茂郡,ひがしかも,2005年03月31日,東加茂郡足助町、下山村、旭町、稲武町の全３町１村が、豊田市に編入,2005年01月20日
2728,兵庫県,宍粟市,しそう,2005年04月01日,宍粟郡山崎町、一宮町、波賀町、千種町の４町が合併,2005年01月20日
27012,兵庫県,城崎郡,きのさき,2005年03月31日,城崎郡香住町の全１町と美方郡村岡町、美方町の２町が合併し、香美町となるに伴い、同町の属すべき郡が美方郡となる,2005年01月20日
31012,岡山県,後月郡,しつき,2005年02月28日,後月郡芳井町の全１町が井原市に編入,2005年01月20日
3115,岡山県,赤磐市,あかいわ,2005年03月07日,赤磐郡山陽町、赤坂町、熊山町、吉井町の４町が合併,2005年01月20日
31004,岡山県,阿哲郡,あてつ,2005年03月30日,阿哲郡大佐町、神郷町、哲多町、哲西町の全４町が新見市へ合併,2005年01月20日
3116,岡山県,真庭市,まにわ,2005年03月31日,上房郡北房町の全１町と、真庭郡勝山町、落合町、湯原町、久世町、美甘村、川上村、八束村、中和村の４町４村が合併,2005年01月20日
31014,岡山県,上房郡,じょうぼう,2005年03月30日,合併して真庭市へ,2005年01月20日
3117,岡山県,美作市,みまさか,2005年03月31日,勝田郡勝田町の１町と、英田郡大原町、東粟倉村、美作町、作東町、英田町の４町１村が合併,2005年01月20日
0717,福島県,田村市,たむら,2005年03月01日,田村郡滝根町、大越町、都路村、常葉町、船引町の４町１村が、合併,2005年01月18日
1712,山梨県,上野原市,うえのはら,2005年02月13日,北都留郡上野原町の１町と南都留郡秋山村の１村が、合併,2005年01月18日
0614,宮城県,東松島市,ひがしまつしま,2005年04月01日,桃生郡矢本町、鳴瀬町の２町が合併。,2005年01月17日
06015,宮城県,桃生郡,ものう,2005年03月31日,桃生郡河北町、雄勝町、河南町、桃生町、北上町の全５町と牡鹿郡牡鹿町の１町が石巻市に合併。,2005年01月17日
0412,秋田県,大仙市,だいせん,2005年03月22日,大曲市、仙北郡神岡町、西仙北町、中仙町、協和町、南外村、仙北町、太田町の６町１村が、合併。,2005年01月17日
0408,秋田県,大曲市,おおまがり,2005年03月21日,合併して大仙市へ,2005年01月17日
0413,秋田県,北秋田市,きたあきた,2005年03月22日,北秋田郡鷹巣町、森吉町、阿仁町、合川町の４町が合併。,2005年01月17日
28002,富山県,上新川郡,かみにいかわ,2005年03月31日,上新川郡大沢野町、大山町の全２町が富山市へ合併,2005年01月17日
28006,富山県,婦負郡,ねい,2005年03月31日,婦負郡八尾町、婦中町、山田村、細入村の全２町２村が富山市へ合併,2005年01月17日
1921,岐阜県,海津市,かいづ,2005年03月28日,海津郡海津町、平田町、南濃町の全３町が合併,2005年01月17日
19006,岐阜県,海津郡,かいづ,2005年03月27日,海津市へ,2005年01月17日
2113,三重県,久居市,ひさい,2005年12月31日,久居市が、津市へ合併,2005年01月17日
21001,三重県,安芸郡,あげ,2005年12月31日,安芸郡河芸町、芸濃町、美里村、安濃町の全３町１村が、津市へ合併,2005年01月17日
21005,三重県,一志郡,いちし,2005年12月31日,一志郡香良洲町、一志町、白山町、美杉村の全３町１村が、津市へ合併,2005年01月17日
3208,島根県,平田市,ひらた,2005年03月21日,平田市が、出雲市へ合併,2005年01月17日
35011,広島県,沼隈郡,ぬまくま,2005年01月31日,沼隈郡沼隈町の全１町が福山市に編入,2005年01月17日
24006,奈良県,添上郡,そえかみ,2005年03月31日,添上郡月ヶ瀬村の全１村（と山辺郡都祁村の１村）が奈良市に編入,2004年12月21日
180101,静岡県,静岡市葵区,あおい,2005年04月01日,静岡市の政令指定都市移行で区制,◆2004年12月20日
180102,静岡県,静岡市駿河区,するが,2005年04月01日,静岡市の政令指定都市移行で区制,◆2004年12月20日
180103,静岡県,静岡市清水区,しみず,2005年04月01日,静岡市の政令指定都市移行で区制,◆2004年12月20日
4212,長崎県,西海市,さいかい,2005年04月01日,西彼杵郡西彼町、西海町、大島町、崎戸町、大瀬戸町の５町が合併,2004年11月18日
1825,静岡県,菊川市,きくがわ,2005年01月17日,小笠郡小笠町、菊川町が合併,2004年11月18日
18005,静岡県,小笠郡,おがさ,2005年03月31日,小笠郡大須賀町、大東町の全２町が掛川市へ合併,2004年11月18日
3707,徳島県,美馬市,みま,2005年03月01日,美馬郡脇町、美馬町、穴吹町、木屋平村の３町１村が合併,2004年11月18日
09007,　長野県,更級郡,さらしな,2004年12月31日,更級郡大岡村の全１村と、上水内郡豊野町戸隠村、鬼無里村の１町２村が長野市に編入,2004年11月18日
2312,滋賀県,高島市,たかしま,2005年01月01日,高島郡マキノ町、今津町、朽木村、安曇川町、高島町、新旭町の全５町１村が合併,2004年11月18日
23010,滋賀県,高島郡,たかしま,2004年12月31日,高島市へ,2004年11月18日
2313,滋賀県,東近江市,ひがしおうみ,2005年02月11日,八日市市、神崎郡永源寺町、五個荘町の２町、愛知郡愛東町、湖東町の２町が合併,2004年11月18日
2305,滋賀県,八日市市,ようかいち,2005年02月10日,合併して東近江市へ,2004年11月18日
2314,滋賀県,米原市,まいばら,2005年02月14日,坂田郡山東町、伊吹町、米原町の３町が合併,2004年11月18日
2726,兵庫県,朝来市,あさご,2005年04月01日,朝来郡の生野町、和田山町、山東町、朝来町の全４町が合併,2004年11月12日
27002,兵庫県,朝来郡,あさご,2005年03月31日,朝来市へ,2004年11月12日
2727,兵庫県,淡路市,あわじ,2005年04月01日,津名郡の津名町、淡路町、北淡町、一宮町、東浦町の５町が合併,2004年11月12日
27004,兵庫県,出石郡,いずし,2005年03月31日,出石郡の出石町、但東町の２町が（城崎郡城崎町、竹野町、日高町と共に）豊岡市に合併,2004年11月12日
1426,茨城県,那珂市,なか,2005年01月21日,那珂郡の瓜連町と那珂町の２町が合併,2004年11月12日
1427,茨城県,筑西市,ちくせい,2005年03月28日,下館市と真壁郡の関城町、明野町、協和町の３町が合併,2004年11月12日
1406,茨城県,下館市,しもだて,2005年03月27日,合併して筑西市へ,2004年11月12日
4030,福岡県,福津市,ふくつ,2005年01月24日,宗像郡の福間町、津屋崎町の２町が合併,2004年11月12日
4031,福岡県,うきは市,うきは,2005年03月20日,浮羽郡の吉井町、浮羽町の全２町が合併,2004年11月12日
40003,福岡県,浮羽郡,うきは,2005年03月19日,うきは市へ,2004年11月12日
40016,福岡県,宗像郡,むなかた,2005年03月27日,宗像郡の大島村の全１村（福間町、津屋崎町は1月24日に福津市に）が宗像市に編入,2004年11月12日
35004,広島県,賀茂郡,かも,2005年03月21日,賀茂郡の黒瀬町、福富町、豊栄町、河内町の４町は2月7日に東広島市に編入、残りの大和町全１町が三原市に合併,2004年11月12日
35015,広島県,御調郡,みつぎ,2005年03月27日,御調郡の久井町が3月22日に三原市に編入、残りの御調町、向島町の全２町が尾道市に編入,2004年11月12日
3010,石川県,白山市,はくさん,2005年02月01日,松任市と石川郡美川町、鶴来町、河内村、吉野谷村、鳥越村、尾口村、白峰村の２町５村が合併,2004年11月10日
3008,石川県,松任市,まつとう,2005年01月31日,合併して白山市へ,2004年11月10日
3011,石川県,能美市,のみ,2005年02月01日,能美郡根上町、寺井町、辰口町の３町が合併,2004年11月10日
30009,石川県,鳳珠郡,ほうす,2005年03月01日,鳳至郡能都町、柳田村と珠洲郡内浦町の全１町が合併し能登町となり、鳳至郡に残っている穴水町、門前町とあわせ鳳珠郡と改名する,2004年11月10日
30005,石川県,珠洲郡,すず,2005年02月28日,合併して能登町、鳳珠郡へ,2004年11月10日
30008,石川県,鳳至郡,ふげし,2005年02月28日,合併して鳳珠郡へ,2004年11月10日
3811,愛媛県,北条市,ほうじょう,2004年12月31日,　　　松山市に編入,2004年11月10日
38004,愛媛県,温泉郡,おんせん,2004年12月31日,温泉郡中島町の全１町が松山市に編入,2004年11月10日
0612,宮城県,登米市,とめ,2005年04月01日,登米郡迫町、登米町、東和町、中田町、豊里町、米山町、石越町、南方町の全８町と本吉郡津山町が合併,2004年11月10日
06011,宮城県,登米郡,とめ,2005年03月31日,合併して登米市へ,2004年11月10日
0613,宮城県,栗原市,くりはら,2005年04月01日,栗原郡築館町、若柳町、栗駒町、高清水町、一迫町、瀬峰町、鶯沢町、金成町、志波姫町、花山村の全９町１村が合併,2004年11月10日
06005,宮城県,栗原郡,くりはら,2005年03月31日,栗原市へ,2004年11月10日
19018,岐阜県,吉城郡,よしき,2005年01月31日,大野郡丹生川村、清見村、荘川村、宮村、久々野町、朝日村、高根村の１町６村と吉城郡国府町、上宝村の全１町１村が高山市に編入,2004年11月05日
19014,岐阜県,武儀郡,むぎ,2005年02月06日,武儀郡洞戸村、板取村、武芸川町、武儀町、上之保村の全２町３村が関市に編入,2004年11月05日
19004,岐阜県,恵那郡,えな,2005年02月12日,恵那郡坂下町、川上村、加子母村、付知町、福岡町、蛭川村の全３町３村が中津川市に編入,2004年11月05日
0209,青森県,つがる市,つがる,2005年02月11日,西津軽郡木造町、森田村、柏村、稲垣村、車力村の１町４村が合併,2004年11月05日
20006,愛知県,中島郡,なかしま,2005年03月31日,中島郡祖父江町、平和町の全２町が稲沢市に編入,2004年11月05日
4313,熊本県,宇城市,うき,2005年01月15日,宇土郡三角町、不知火町の全２町と下益城郡松橋町、小川町、豊野町が合併,2004年11月05日
43004,熊本県,宇土郡,うと,2005年01月14日,合併して宇城市へ,2004年11月05日
4314,熊本県,阿蘇市,あそ,2005年02月11日,阿蘇郡一の宮町、阿蘇町、波野村が合併,2004年11月05日
1513,栃木県,那須塩原市,なすしおばら,2005年01月01日,黒磯市、那須郡西那須野町、塩原町が合併,2004年11月05日
1512,栃木県,黒磯市,くろいそ,2004年12月31日,合併して那須塩原市へ,2004年11月05日
1514,栃木県,さくら市,さくら,2005年03月28日,塩谷郡氏家町、喜連川町が合併,2004年11月05日
12012,千葉県,東葛飾郡,ひがしかつしか,2005年03月27日,東葛飾郡沼南町全１町が柏市に編入,2004年11月05日
04003,秋田県,河辺郡,かわべ,2005年01月10日,河辺郡河辺町、雄和町の全２町が秋田市に編入,2004年10月28日
0410,秋田県,由利本荘市,ゆりほんじょう,2005年03月22日,本荘市、由利郡矢島町、岩城町、由利町、西目町、鳥海町、東由利町、大内町が、合併,2004年10月28日
0405,秋田県,本荘市,ほんじょう,2005年03月21日,合併して由利本荘市へ,2004年10月28日
0411,秋田県,潟上市,かたがみ,2005年03月22日,南秋田郡昭和町、飯田川町、天王町の３町が、合併,2004年10月28日
33009,山口県,豊浦郡,とようら,2005年02月12日,豊浦郡菊川町、豊田町、豊浦町、豊北町の全４町が下関市に合併,2004年10月26日
33004,山口県,大津郡,おおつ,2005年03月21日,大津郡三隅町、日置町・油谷町の全３町が長門市へ合併,2004年10月26日
0807,新潟県,新津市,にいつ,2005年03月20日,新津市が、新潟市に編入,2004年10月26日
0827,新潟県,妙高市,みょうこう,2005年04月01日,中頸城郡妙高高原町、妙高村の残りの全１町１村が新井市と合併。同日新井市から妙高市へ、名称変更,2004年10月26日
0817,新潟県,新井市,あらい,2005年03月31日,合併して妙高市へ,2004年10月26日
08010,新潟県,中頸城郡,なかくびき,2005年03月31日,新井市に編入後、妙高市へ名称変更,2004年10月26日
08012,新潟県,西頸城郡,にしくびき,2005年03月18日,西頸城郡能生町、青海町の残り全２町が糸魚川市に合併,2004年10月26日
08014,新潟県,東頸城郡,ひがしくびき,2005年03月31日,中魚沼郡川西町、中里村、東頸城郡の残り全２町の、松代町、松之山町が十日町市に合併,2004年10月26日
34002,鳥取県,気高郡,けたか,2004年10月31日,気高郡の全３町と岩美郡１町１村、八頭郡２町１村が鳥取市に編入,2004年10月22日
44004,大分県,北海部郡,きたあまべ,2004年12月31日,北海部郡佐賀関町と大分郡野津原町が大分市に編入,2004年10月20日
44011,大分県,日田郡,ひた,2005年03月21日,日田郡の全２町３村が日田市に編入,2004年10月20日
44007,大分県,直入郡,なおいり,2005年03月31日,直入郡全３町が竹田市に合併,2004年10月20日
2311,滋賀県,湖南市,こなん,2004年10月01日,甲賀郡石部町および甲西町が合併,2004年08月26日
23007,滋賀県,甲賀郡,こうか,2004年09月30日,甲西町と石部町が湖南市に、残り５町が甲賀市に合併,2004年08月26日
3706,徳島県,阿波市,あわ,2005年04月01日,板野郡吉野町、土成町、阿波郡市場町と阿波町の全２町が合併,2004年08月17日
37001,徳島県,阿波郡,あわ,2005年03月31日,合併して阿波市へ,2004年08月17日
44001,大分県,宇佐郡,うさ,2005年03月30日,宇佐郡院内町、安心院町全２町が宇佐市に合併,2004年07月26日
0820,新潟県,白根市,しろね,2005年03月20日,新潟市に編入,2004年07月22日
0821,新潟県,豊栄市,とよさか,2005年03月20日,新潟市に編入,2004年07月22日
0826,新潟県,南魚沼市,みなみうおぬま,2004年11月01日,南魚沼郡六日町、大和町が合併,2004年07月22日
4108,佐賀県,小城市,おぎ,2005年03月01日,小城郡小城町、三日月町、牛津町、芦刈町の全４町が合併,2004年07月22日
41001,佐賀県,小城郡,おぎ,2005年02月28日,小城市へ,2004年07月22日
07008,福島県,北会津郡,きたあいづ,2004年10月31日,北会津郡北会津村の全１村が会津若松市に編入,2004年07月22日
35005,広島県,甲奴郡,こうぬ,2005年03月30日,甲奴郡総領町全１町が庄原市に合併,2004年07月22日
35012,広島県,比婆郡,ひば,2005年03月30日,比婆郡西城町、東城町、口和町、高野町、比和町の全５町が庄原市に合併,2004年07月22日
3516,広島県,江田島市,えたじま,2004年11月01日,安芸郡江田島町、佐伯郡能美町、沖美町、大柿町が合併,2004年07月22日
15002,栃木県,安蘇郡,あそ,2005年02月27日,安蘇郡田沼町、葛生町の全２町が佐野市に合併,2004年07月16日
2117,三重県,伊賀市,いが,2004年11月01日,上野市、阿山郡伊賀町、阿山町、島ヶ原村、大山田村の全２町２村、名賀郡青山町全１町が合併,2004年07月16日
2106,三重県,上野市,うえの,2004年10月31日,合併して伊賀市へ,2004年07月16日
21003,三重県,阿山郡,あやま,2004年10月31日,合併して伊賀市へ,2004年07月16日
21013,三重県,名賀郡,なが,2004年10月31日,合併して伊賀市へ,2004年07月16日
21004,三重県,飯南郡,いいなん,2004年12月31日,飯南郡飯南町、飯高町の全２町が松阪市に合併,2004年07月16日
21011,三重県,鈴鹿郡,すずか,2005年01月10日,鈴鹿郡関町全１町が亀山市に合併,2004年07月16日
31008,岡山県,川上郡,かわかみ,2004年09月30日,川上郡成羽町、備中町、川上町の全３町が高梁市に合併,2004年07月16日
31020,岡山県,加賀郡,かが,2004年10月01日,御津郡加茂川町、上房郡賀陽町が合併し吉備中央町へ。その区域をもってあらたに加賀郡を画す,2004年07月16日
3114,岡山県,瀬戸内市,せとうち,2004年11月01日,邑久郡牛窓町、邑久町、長船町の全３町が合併,2004年07月16日
31005,岡山県,邑久郡,おく,2004年10月31日,瀬戸内市へ,2004年07月16日
4616,鹿児島県,薩摩川内市,さつませんだい,2004年10月12日,川内市、薩摩郡樋脇町、入来町、東郷町、祁答院町、里村、上甑村、下甑村、鹿島村が合併,2004年07月16日
4602,鹿児島県,川内市,せんだい,2004年10月11日,合併して薩摩川内市へ,2004年07月16日
3209,島根県,雲南市,うんなん,2004年11月01日,大原郡の全３町と飯石郡の三刀屋町、吉田村、掛合町が合併,2004年07月15日
32005,島根県,大原郡,おおはら,2004年10月31日,合併して雲南市へ,2004年07月15日
32016,島根県,美濃郡,みの,2004年10月31日,美濃郡の全２町が益田市に編入,2004年07月15日
42003,長崎県,北高来郡,きたたかき,2005年02月28日,北高来郡の全４町が諫早市に合併,2004年07月15日
1425,茨城県,常陸大宮市,ひたちおおみや,2004年10月16日,那珂郡常陸大宮町（東茨城郡御前山村と那珂郡の山方町、美和村、緒川村が那珂郡大宮町に合併後、常陸大宮町に改称）が市制,2004年07月09日
1711,山梨県,笛吹市,ふえふき,2004年10月12日,東八代郡の石和町、御坂町、一宮町、八代町、境川村と東山梨郡の春日居町が合併,2004年07月09日
14006,茨城県,多賀郡,たが,2004年10月31日,日立市に編入,2004年07月09日
2810,富山県,南砺市,なんと,2004年11月01日,東砺波郡の全３町４村と西砺波郡の福光町が合併,2004年07月01日
28008,富山県,東砺波郡,ひがしとなみ,2004年10月31日,合併して南砺市へ,2004年07月01日
3812,愛媛県,東予市,とうよ,2004年10月31日,西条市に合併,2004年07月01日
38008,愛媛県,周桑郡,しゅうそう,2004年10月31日,西条市に合併,2004年07月01日
3815,愛媛県,東温市,とうおん,2004年09月21日,温泉郡の２町（川内町と重信町）が合併,2004年07月01日
2310,滋賀県,野洲市,やす,2004年10月01日,野洲郡の全２町が合併,2004年04月19日
23012,滋賀県,野洲郡,やす,2004年09月30日,野洲市へ,2004年04月19日
32014,島根県,能義郡,のぎ,2004年09月30日,能義郡の全２町が安来市に合併,2004年04月16日
2116,三重県,志摩市,しま,2004年10月01日,志摩郡の全５町が合併,2004年04月16日
21010,三重県,志摩郡,しま,2004年09月30日,志摩市へ,2004年04月16日
2724,兵庫県,丹波市,たんば,2004年11月01日,氷上郡の全６町が合併,2004年04月16日
27019,兵庫県,氷上郡,ひかみ,2004年10月31日,丹波市へ,2004年04月16日
2725,兵庫県,南あわじ市,みなみあわじ,2005年01月11日,三原郡の全４町が合併,2004年04月16日
27022,兵庫県,三原郡,みはら,2005年01月10日,南あわじ市へ,2004年04月16日
1710,山梨県,甲斐市,かい,2004年09月01日,中巨摩郡２町(竜王町、敷島町)と北巨摩郡の１町(双葉町)が合併,2004年04月16日
2411,奈良県,葛城市,かつらぎ,2004年10月01日,北葛城郡の２町（新庄町、當麻町）が合併,2004年03月12日
1709,山梨県,北杜市,ほくと,2004年11月01日,北巨摩郡の３町３村（明野村、須玉町、高根町、長坂町、大泉村、白州町、武川村）が合併,2004年01月20日
0825,新潟県,魚沼市,うおぬま,2004年11月01日,北魚沼郡の２町４村（堀之内町、小出町、湯之谷村、広神村、守門村、入広瀬村）が合併,2004年01月15日
2723,兵庫県,養父市,やぶ,2004年04月01日,養父郡の全４町が合併,2004年01月15日
27024,兵庫県,養父郡,やぶ,2004年03月31日,養父市へ,2004年01月15日
44012,大分県,南海部郡,みなみあまべ,2005年03月02日,佐伯市に合併のため,2004年01月15日
1824,静岡県,御前崎市,おまえざき,2004年04月01日,榛原郡１町（御前崎町）と小笠郡１町（浜岡町）が合併,2004年01月15日
1823,静岡県,伊豆市,いず,2004年04月01日,田方郡の４町（修善寺町、土肥町、天城湯ヶ島町、中伊豆町）が合併,2004年01月15日
1920,岐阜県,下呂市,げろ,2004年03月01日,益田郡の全４町１村が合併,2004年01月15日
19013,岐阜県,益田郡,ました,2004年02月29日,下呂市へ,2004年01月15日
3705,徳島県,吉野川市,よしのがわ,2004年10月01日,麻埴郡の全３町１村が合併,2004年01月15日
37003,徳島県,麻植郡,おえ,2004年09月30日,吉野川市へ,2004年01月15日
2309,滋賀県,甲賀市,こうか,2004年10月01日,甲賀郡の５町（水口町、土山町、甲賀町、甲南町、信楽町）が合併,2004年01月15日
3814,愛媛県,西予市,せいよ,2004年04月01日,東宇和郡の全４町と西宇和郡の１町（三瓶町）が合併,2004年01月15日
38011,愛媛県,東宇和郡,ひがしうわ,2004年03月31日,合併して西予市へ,2004年01月15日
3813,愛媛県,四国中央市,しこくちゅうおう,2004年04月01日,川之江市、伊予三島市、宇摩郡全１町１村（新宮村、土居町）が合併,2004年01月15日
3809,愛媛県,川之江市,かわのえ,2004年03月31日,合併して四国中央市へ,2004年01月15日
3808,愛媛県,伊予三島市,いよみしま,2004年03月31日,合併して四国中央市へ,2004年01月15日
38002,愛媛県,宇摩郡,うまぐん,2004年03月31日,合併して四国中央市へ,2004年01月15日
0920,長野県,東御市,とうみ,2004年04月01日,北佐久郡１村（北御牧村）と小県郡１町（東部町）が合併,2003年11月07日
35014,広島県,双三郡,ふたみ,2004年03月31日,三次市に合併,2003年11月04日
2213,京都府,京丹後市,きょうたんご,2004年04月01日,熊野郡全１町、竹野郡全３町、中郡全２町が合併,2003年11月04日
22007,京都府,熊野郡,くまの,2004年03月31日,合併して京丹後市へ,2003年11月04日
22009,京都府,竹野郡,たけの,2004年03月31日,合併して京丹後市へ,2003年11月04日
22011,京都府,中郡,なか,2004年03月31日,合併して京丹後市へ,2003年11月04日
3515,広島県,安芸高田市,あきたかた,2004年03月01日,高田郡の全６町が合併,2003年11月04日
35009,広島県,高田郡,たかた,2004年02月29日,安芸高田市へ,2003年11月04日
1919,岐阜県,郡上市,ぐじょう,2004年03月01日,郡上郡の全３町４村が合併,2003年11月04日
19009,岐阜県,郡上郡,ぐじょう,2004年02月29日,郡上市へ,2003年11月04日
2908,福井県,あわら市,あわら,2004年03月01日,坂井郡の２町（芦原町、金津町）が合併,2003年11月04日
3009,石川県,かほく市,かほく,2004年03月01日,河北郡の３町（高松町、七塚町、宇ノ気町）が合併,2003年11月04日
0824,新潟県,佐渡市,さど,2004年03月01日,両津市と佐渡郡の全７町２村が合併,2003年11月04日
0819,新潟県,両津市,りょうつ,2004年02月29日,合併して佐渡市へ,2003年11月04日
08006,新潟県,佐渡郡,さど,2004年02月29日,合併して佐渡市へ,2003年11月04日
1918,岐阜県,本巣市,もとす,2004年02月01日,本巣郡の３町１村（本巣町、真正町、糸貫町、根尾村）が合併,2003年11月04日
4211,長崎県,五島市,ごとう,2004年08月01日,福江市と南松浦郡の５町（富江町、玉之浦町、三井楽町、岐宿町、奈留町）が合併,2003年08月01日
4206,長崎県,福江市,ふくえ,2004年07月31日,合併して五島市へ,2003年08月01日
0823,新潟県,阿賀野市,あがの,2004年04月01日,北蒲原郡の２町２村（安田町、京ヶ瀬村、水原町、笹神村）が合併,2003年08月01日
4210,長崎県,壱岐市,いき,2004年03月01日,壱岐郡の全４町が合併,2003年08月01日
42001,長崎県,壱岐郡,いき,2004年02月29日,壱岐市へ,2003年08月01日
1917,岐阜県,飛騨市,ひだ,2004年02月01日,吉城郡の２町２村（古川町、河合村、宮川村、神岡町）が合併,2003年08月01日
4312,熊本県,上天草市,かみあまくさ,2004年03月31日,天草郡の４町（大矢野町、松島町、姫戸町、龍ヶ岳町）が合併,2003年07月23日
2115,三重県,いなべ市,いなべ,2003年12月01日,員弁郡の４町（北勢町、員弁町、大安町、藤原町）が合併,2003年04月11日
4209,長崎県,対馬市,つしま,2004年03月01日,上県郡と下県郡が合併,2002年11月27日
42002,長崎県,上県郡,かみあがた,2004年02月29日,合併して対馬市へ,2002年11月27日
42005,長崎県,下県郡,しもあがた,2004年02月29日,合併して対馬市へ,2002年11月27日
0919,長野県,千曲市,ちくま,2003年09月01日,更埴市と上山田町、戸倉町が合併,　↑　ここから
0917,長野県,更埴市,こうしょく,2003年08月31日,合併して千曲市へ,　　　　官報告示順
2033,愛知県,田原市,たはら,2003年08月20日,渥美郡田原町と赤羽根町が合併,
1916,岐阜県,瑞穂市,みずほ,2003年05月01日,本巣郡穂積町と巣南町が合併,
3315,山口県,周南市,しゅうなん,2003年04月21日,徳山市、新南陽市、熊毛町、鹿野町が合併,
3305,山口県,徳山市,とくやま,2003年04月20日,合併して周南市へ,
3314,山口県,新南陽市,しんなんよう,2003年04月20日,合併して周南市へ,
33008,山口県,都濃郡,つの,2003年04月20日,合併して周南市へ,
134401,埼玉県,さいたま市西区,にし,2003年04月01日,さいたま市の政令指定都市移行で区制,
134402,埼玉県,さいたま市北区,きた,2003年04月01日,さいたま市の政令指定都市移行で区制,
134403,埼玉県,さいたま市大宮区,おおみや,2003年04月01日,さいたま市の政令指定都市移行で区制,
134404,埼玉県,さいたま市見沼区,みぬま,2003年04月01日,さいたま市の政令指定都市移行で区制,
134405,埼玉県,さいたま市中央区,ちゅうおう,2003年04月01日,さいたま市の政令指定都市移行で区制,
134406,埼玉県,さいたま市桜区,さくら,2003年04月01日,さいたま市の政令指定都市移行で区制,
134407,埼玉県,さいたま市浦和区,うらわ,2003年04月01日,さいたま市の政令指定都市移行で区制,
134408,埼玉県,さいたま市南区,みなみ,2003年04月01日,さいたま市の政令指定都市移行で区制,
134409,埼玉県,さいたま市緑区,みどり,2003年04月01日,さいたま市の政令指定都市移行で区制,
1708,山梨県,南アルプス市,みなみあるぷす,2003年04月01日,中巨摩郡の4町2村が合併,
1804,静岡県,清水市,しみず,2003年03月31日,清水市が静岡市に合併,
1915,岐阜県,山県市,やまがた,2003年04月01日,山県郡の全2町1村が合併,
19016,岐阜県,山県郡,やまがた,2003年03月31日,山県市へ,
3607,香川県,東かがわ市,ひがしかがわ,2003年04月01日,大川郡全４町が合併,
36002,香川県,大川郡,おおかわ,2003年03月31日,東かがわ市へ,
35003,広島県,芦品郡,あしな,2003年02月02日,芦品郡新市町（全１町）が福山市に合併,
4712,沖縄県,豊見城市,とみぐすく,2002年04月01日,島尻郡豊見城村が市制,
3606,香川県,さぬき市,さぬき,2002年04月01日,大川郡の５町が合併で市制,
1233,千葉県,富里市,とみさと,2002年04月01日,印旛郡富里町が市制,
1424,茨城県,守谷市,もりや,2002年02月02日,北相馬郡守谷町が市制,
2308,滋賀県,栗東市,りっとう,2001年10月01日,栗田郡栗東町が市制,
23006,滋賀県,栗太郡,くりた,2001年09月30日,栗東市へ,
1344,埼玉県,さいたま市,さいたま,2001年05月01日,浦和市、大宮市、与野市が合併,
1301,埼玉県,浦和市,うらわ,2001年04月30日,合併してさいたま市へ,
1305,埼玉県,大宮市,おおみや,2001年04月30日,合併してさいたま市へ,
1320,埼玉県,与野市,よの,2001年04月30日,合併してさいたま市へ,
1232,千葉県,白井市,しろい,2001年04月01日,市制,
1423,茨城県,潮来市,いたこ,2001年04月01日,２町が合併・市制,
1030,東京都,西東京市,にしとうきょう,2001年01月21日,保谷市、田無市が合併,
1017,東京都,保谷市,ほうや,2001年01月20日,合併して西東京市へ,
1018,東京都,田無市,たなし,2001年01月20日,合併して西東京市へ,
2722,兵庫県,篠山市,ささやま,1999年04月01日,多紀郡全４町が合併,
27017,兵庫県,多紀郡,たき,1999年03月31日,多紀郡全４町が合併して篠山市へ,
010110,北海道,札幌市清田区,きよた,1997年11月04日,豊平区から分区,
2212,京都府,京田辺市,きょうたなべ,1997年04月01日,田辺町が市制,
0134,北海道,北広島市,きたひろしま,1996年09月01日,札幌郡広島町（全１町）が市制,
01029,北海道,札幌郡,さっぽろ,1996年08月31日,札幌郡広島町（全１町）が北広島市へ,
0135,北海道,石狩市,いしかり,1996年09月01日,市制,
1231,千葉県,印西市,いんざい,1996年04月01日,市制,
1343,埼玉県,吉川市,よしかわ,1996年04月01日,市制,
1422,茨城県,鹿嶋市,かしま,1995年09月01日,鹿島町と大野村が合併・市制,
1029,東京都,あきる野市,あきるの,1995年09月01日,秋川市と五日市町が合併,
1027,東京都,秋川市,あきかわ,1995年08月31日,合併して、あきるの市へ,
110117,神奈川県,横浜市青葉区,あおば,1994年11月06日,港北・緑区から再編,
110118,神奈川県,横浜市都筑区,つづき,1994年11月06日,港北・緑区から再編,
1421,茨城県,ひたちなか市,ひたちなか,1994年11月01日,那珂湊市と勝田市が合併,
1409,茨城県,那珂湊市,なかみなと,1994年10月31日,合併して、ひたちなか市へ,
1413,茨城県,勝田市,かつた,1994年10月31日,合併して、ひたちなか市へ,
2032,愛知県,日進市,にっしん,1994年04月01日,市制,
1230,千葉県,八街市,やちまた,1992年04月01日,市制,
120101,千葉県,千葉市中央区,ちゅうおう,1992年04月01日,千葉市の政令指定都市移行で区制,
120102,千葉県,千葉市花見川区,はなみがわ,1992年04月01日,千葉市の政令指定都市移行で区制,
120103,千葉県,千葉市稲毛区,いなげ,1992年04月01日,千葉市の政令指定都市移行で区制,
120104,千葉県,千葉市若葉区,わかば,1992年04月01日,千葉市の政令指定都市移行で区制,
120105,千葉県,千葉市緑区,みどり,1992年04月01日,千葉市の政令指定都市移行で区制,
120106,千葉県,千葉市美浜区,みはま,1992年04月01日,千葉市の政令指定都市移行で区制,
1028,東京都,羽村市,はむら,1991年11月01日,市制,
2536,大阪府,阪南市,はんなん,1991年10月01日,市制,
12007,千葉県,君津郡,きみつ,1991年03月31日,君津市に編入,
43011,熊本県,飽託郡,ほうたく,1991年01月31日,熊本市に編入,
